20553;4958;p;Papír;2;12;240 normální HV
20554;4958;u;Plast;2;12;240 normální HV
20555;4958;sb;Barevné sklo;1;21;240 normální HV
20556;4959;p;Papír;2;12;240 normální HV
20557;4959;u;Plast;2;12;240 normální HV
20558;4959;sb;Barevné sklo;1;21;240 normální HV
20559;4960;p;Papír;1;12;240 normální HV
20560;4960;u;Plast;1;12;240 normální HV
20561;4960;sb;Barevné sklo;1;21;240 normální HV
20562;4961;p;Papír;1;12;240 normální HV
20563;4961;u;Plast;1;12;240 normální HV
20564;4961;sb;Barevné sklo;1;21;240 normální HV
20565;4962;u;Plast;1;12;240 normální HV
20566;4962;sb;Barevné sklo;1;21;240 normální HV
22067;4962;p;Papír;1;12;240 normální HV
20567;4963;p;Papír;1;12;240 normální HV
20568;4963;u;Plast;1;11;240 normální HV
20569;4963;sb;Barevné sklo;1;21;240 normální HV
20570;4964;p;Papír;2;13;240 normální HV
20571;4964;u;Plast;2;12;240 normální HV
20572;4964;sb;Barevné sklo;1;21;240 normální HV
20802;5006;p;Papír;1;12;240 normální HV
20803;5006;u;Plast;1;12;240 normální HV
20804;5006;sb;Barevné sklo;1;21;240 normální HV
21744;5006;nk;Nápojové kartóny;1;11;240 normální HV
20805;5007;p;Papír;1;12;240 normální HV
20806;5007;u;Plast;1;12;240 normální HV
20807;5007;sb;Barevné sklo;1;21;240 normální HV
21745;5007;nk;Nápojové kartóny;1;11;240 normální HV
20808;5008;p;Papír;1;12;240 normální HV
20809;5008;u;Plast;1;12;240 normální HV
20810;5008;sb;Barevné sklo;1;21;240 normální HV
21746;5008;nk;Nápojové kartóny;1;11;240 normální HV
20811;5009;p;Papír;1;12;240 normální HV
20812;5009;u;Plast;1;12;240 normální HV
20813;5009;sb;Barevné sklo;1;21;240 normální HV
21747;5009;nk;Nápojové kartóny;1;11;240 normální HV
20849;5012;p;Papír;3;12;240 normální HV
20850;5012;sb;Barevné sklo;2;21;240 normální HV
20851;5012;u;Plast;3;12;240 normální HV
21645;5012;nk;Nápojové kartóny;2;11;240 normální HV
20852;5013;p;Papír;3;12;240 normální HV
20853;5013;sb;Barevné sklo;1;21;240 normální HV
20854;5013;u;Plast;2;12;240 normální HV
21646;5013;nk;Nápojové kartóny;2;11;240 normální HV
20855;5014;p;Papír;3;12;240 normální HV
20856;5014;sb;Barevné sklo;1;21;240 normální HV
20857;5014;u;Plast;2;12;240 normální HV
21647;5014;nk;Nápojové kartóny;2;11;240 normální HV
20858;5015;p;Papír;3;12;240 normální HV
20859;5015;u;Plast;2;12;240 normální HV
20860;5015;sb;Barevné sklo;1;21;240 normální HV
21648;5015;nk;Nápojové kartóny;2;11;240 normální HV
20861;5016;p;Papír;3;12;240 normální HV
20862;5016;sb;Barevné sklo;1;21;240 normální HV
20863;5016;u;Plast;2;12;240 normální HV
21649;5016;nk;Nápojové kartóny;2;11;240 normální HV
20864;5017;p;Papír;3;12;240 normální HV
20865;5017;sb;Barevné sklo;1;21;240 normální HV
20866;5017;u;Plast;2;12;240 normální HV
21651;5017;nk;Nápojové kartóny;2;11;240 normální HV
20871;5019;p;Papír;3;12;240 normální HV
20872;5019;sb;Barevné sklo;1;21;240 normální HV
20873;5019;u;Plast;2;12;240 normální HV
21650;5019;nk;Nápojové kartóny;2;11;240 normální HV
21766;5219;sc;Čiré sklo;0,5;31;3300 GFA DUO SV
21767;5219;nk;Nápojové kartóny;2;11;240 normální HV
21768;5219;p;Papír;1;13;1100 normální HV
21769;5219;sb;Barevné sklo;0,5;31;3300 GFA DUO SV
21770;5219;u;Plast;1;13;1100 normální HV
6993;1602;nk;Nápojové kartóny;1;21;1100 normální HV
6994;1602;p;Papír;1;13;1100 normální HV
6995;1602;sb;Barevné sklo;0,5;41;3300 GFA DUO SV
6996;1602;u;Plast;1;13;1100 normální HV
19311;1602;sc;Čiré sklo;0,5;41;3300 GFA DUO SV
6997;1603;nk;Nápojové kartóny;1;21;1100 normální HV
6998;1603;p;Papír;1;14;1100 normální HV
6999;1603;sb;Barevné sklo;0,5;31;3300 GFA DUO SV
7000;1603;u;Plast;1;14;1100 normální HV
19862;1603;e;Elektrozařízení;1;41;2150 MEVA SV
20275;1603;ko;Kovy;1;61;1100 mini H SV
20276;1603;sc;Čiré sklo;0,5;31;3300 GFA DUO SV
7006;1605;sc;Čiré sklo;0,5;31;3300 GFA DUO SV
7007;1605;ko;Kovy;1;41;1100 mini H SV
7008;1605;nk;Nápojové kartóny;1;21;1100 normální HV
7009;1605;p;Papír;1;13;1100 normální HV
18931;1605;sb;Barevné sklo;0,5;31;3300 GFA DUO SV
19312;1605;u;Plast;1;13;1100 normální HV
7010;1606;nk;Nápojové kartóny;1;21;1100 normální HV
7011;1606;p;Papír;1;13;1100 normální HV
7012;1606;sb;Barevné sklo;0,5;31;3300 GFA DUO SV
7013;1606;u;Plast;1;13;1100 normální HV
19313;1606;sc;Čiré sklo;0,5;31;3300 GFA DUO SV
19314;1606;ko;Kovy;1;61;1100 mini H SV
20154;1606;e;Elektrozařízení;1;41;2150 MEVA SV
7014;1607;nk;Nápojové kartóny;1;21;1100 normální HV
7015;1607;p;Papír;1;14;1100 normální HV
7016;1607;sb;Barevné sklo;0,5;31;3300 GFA DUO SV
7017;1607;u;Plast;2;13;1100 normální HV
20233;1607;ko;Kovy;1;61;1100 mini H SV
20234;1607;sc;Čiré sklo;0,5;31;3300 GFA DUO SV
7018;1608;nk;Nápojové kartóny;1;11;240 normální HV
7019;1608;p;Papír;1;12;1100 normální HV
7020;1608;sb;Barevné sklo;0,5;41;3300 GFA DUO SV
7021;1608;u;Plast;1;13;1100 normální HV
19201;1608;sc;Čiré sklo;0,5;41;3300 GFA DUO SV
20235;1608;ko;Kovy;1;61;1100 mini H SV
7022;1609;nk;Nápojové kartóny;1;21;1100 normální HV
7023;1609;p;Papír;1;13;1100 normální HV
7024;1609;sb;Barevné sklo;0,5;31;3300 GFA DUO SV
7025;1609;u;Plast;1;13;1100 normální HV
20277;1609;ko;Kovy;1;61;1100 mini H SV
20278;1609;sc;Čiré sklo;0,5;31;3300 GFA DUO SV
7026;1610;nk;Nápojové kartóny;1;21;1100 normální HV
7027;1610;p;Papír;1;13;1100 normální HV
7028;1610;sb;Barevné sklo;1;21;1500 M 1,5 SV
7029;1610;u;Plast;1;13;1100 normální HV
7030;1611;nk;Nápojové kartóny;1;21;1100 normální HV
7031;1611;p;Papír;1;13;1100 normální HV
7032;1611;sb;Barevné sklo;1;41;1500 M 1,5 SV
7033;1611;u;Plast;1;13;1100 normální HV
7034;1612;nk;Nápojové kartóny;1;21;1100 normální HV
7035;1612;p;Papír;1;13;1100 normální HV
7036;1612;sb;Barevné sklo;1;41;1500 M 1,5 SV
7037;1612;u;Plast;1;13;1100 normální HV
7038;1613;nk;Nápojové kartóny;1;21;1100 normální HV
7039;1613;p;Papír;1;13;1100 normální HV
7040;1613;sb;Barevné sklo;1;41;1500 M 1,5 SV
7041;1613;u;Plast;1;13;1100 normální HV
7042;1614;nk;Nápojové kartóny;1;21;1100 normální HV
7043;1614;p;Papír;1;13;1100 normální HV
7044;1614;sb;Barevné sklo;0,5;31;3300 GFA DUO SV
7045;1614;u;Plast;2;13;1100 normální HV
19604;1614;ko;Kovy;1;61;1100 mini H SV
19605;1614;sc;Čiré sklo;0,5;31;3300 GFA DUO SV
7046;1615;nk;Nápojové kartóny;1;21;1100 normální HV
7047;1615;p;Papír;1;13;1100 normální HV
7048;1615;sb;Barevné sklo;0,5;31;3300 GFA DUO SV
7049;1615;u;Plast;1;13;1100 normální HV
20236;1615;sc;Čiré sklo;0,5;31;3300 GFA DUO SV
20237;1615;ko;Kovy;1;61;1100 mini H SV
7050;1616;sc;Čiré sklo;0,5;21;3300 GFA DUO SV
7051;1616;nk;Nápojové kartóny;1;21;1100 normální HV
7052;1616;p;Papír;1;13;1100 normální HV
7053;1616;sb;Barevné sklo;0,5;21;3300 GFA DUO SV
7054;1616;u;Plast;1;14;1100 normální HV
19863;1616;e;Elektrozařízení;1;41;2150 MEVA SV
7055;1617;nk;Nápojové kartóny;1;21;1100 normální HV
7056;1617;p;Papír;2;13;1100 normální HV
7057;1617;sb;Barevné sklo;0,5;31;3300 GFA DUO SV
7058;1617;u;Plast;2;13;1100 normální HV
19315;1617;sc;Čiré sklo;0,5;31;3300 GFA DUO SV
20238;1617;ko;Kovy;1;61;1100 mini H SV
7063;1619;sc;Čiré sklo;0,5;21;3300 GFA DUO SV
7064;1619;nk;Nápojové kartóny;1;21;1100 normální HV
7065;1619;p;Papír;1;13;1100 normální HV
7066;1619;sb;Barevné sklo;0,5;21;3300 GFA DUO SV
7067;1619;u;Plast;1;13;1100 normální HV
7068;1620;nk;Nápojové kartóny;1;21;1100 normální HV
7069;1620;p;Papír;1;13;1100 normální HV
7070;1620;sb;Barevné sklo;1;41;1500 M 1,5 SV
7071;1620;u;Plast;1;13;1100 normální HV
20847;1620;ko;Kovy;1;61;1100 mini H SV
7072;1621;nk;Nápojové kartóny;1;21;1100 normální HV
7073;1621;p;Papír;1;13;1100 normální HV
7074;1621;sb;Barevné sklo;0,5;31;3300 GFA DUO SV
7075;1621;u;Plast;1;13;1100 normální HV
21306;1621;sc;Čiré sklo;0,5;31;3300 GFA DUO SV
7081;1623;nk;Nápojové kartóny;1;21;1100 normální HV
7082;1623;p;Papír;1;13;1100 normální HV
7083;1623;sb;Barevné sklo;0,5;31;3300 GFA DUO SV
7084;1623;u;Plast;1;13;1100 normální HV
20239;1623;ko;Kovy;1;61;1100 mini H SV
20240;1623;sc;Čiré sklo;0,5;31;3300 GFA DUO SV
7085;1624;nk;Nápojové kartóny;1;21;1100 normální HV
7086;1624;p;Papír;2;12;1100 normální HV
7087;1624;sb;Barevné sklo;0,5;41;3300 GFA DUO SV
7088;1624;u;Plast;2;12;1100 normální HV
19316;1624;sc;Čiré sklo;0,5;41;3300 GFA DUO SV
19317;1624;ko;Kovy;1;61;1100 mini H SV
7089;1625;sc;Čiré sklo;0,5;41;3300 GFA DUO SV
7090;1625;nk;Nápojové kartóny;1;21;1100 normální HV
7091;1625;p;Papír;2;12;1100 normální HV
7092;1625;sb;Barevné sklo;0,5;41;3300 GFA DUO SV
7093;1625;u;Plast;2;12;1100 normální HV
19318;1625;ko;Kovy;1;61;1100 mini H SV
7094;1626;nk;Nápojové kartóny;1;21;1100 normální HV
7095;1626;p;Papír;2;13;1100 normální HV
7096;1626;sb;Barevné sklo;0,5;31;3300 GFA DUO SV
7097;1626;u;Plast;2;13;1100 normální HV
19319;1626;sc;Čiré sklo;0,5;31;3300 GFA DUO SV
19320;1626;ko;Kovy;1;61;1100 mini H SV
19864;1626;e;Elektrozařízení;1;41;2150 MEVA SV
7112;1630;nk;Nápojové kartóny;1;21;1100 normální HV
7113;1630;p;Papír;1;13;1100 normální HV
7114;1630;sb;Barevné sklo;1;21;1500 M 1,5 SV
7115;1630;u;Plast;1;13;1100 normální HV
19866;1630;e;Elektrozařízení;1;41;2150 MEVA SV
7116;1631;nk;Nápojové kartóny;1;21;1100 normální HV
7117;1631;p;Papír;1;13;1100 normální HV
7118;1631;sb;Barevné sklo;1;21;1500 M 1,5 SV
7119;1631;u;Plast;1;13;1100 normální HV
7120;1632;nk;Nápojové kartóny;1;21;1100 normální HV
7121;1632;p;Papír;2;12;1100 normální HV
7122;1632;sb;Barevné sklo;1;21;1500 M 1,5 SV
7123;1632;u;Plast;2;13;1100 normální HV
7129;1634;nk;Nápojové kartóny;1;21;1100 normální HV
7130;1634;p;Papír;1;14;1100 normální HV
7131;1634;sb;Barevné sklo;1;21;1500 M 1,5 SV
7132;1634;u;Plast;1;14;1100 normální HV
19321;1634;ko;Kovy;1;61;1100 mini H SV
7133;1635;sc;Čiré sklo;0,5;21;3300 GFA DUO SV
7134;1635;ko;Kovy;1;61;1100 mini H SV
7135;1635;nk;Nápojové kartóny;1;21;1100 normální HV
7136;1635;p;Papír;1;13;1100 normální HV
17143;1635;sb;Barevné sklo;0,5;21;3300 GFA DUO SV
19352;1635;u;Plast;1;13;1100 normální HV
7137;1636;nk;Nápojové kartóny;1;21;1100 normální HV
7138;1636;p;Papír;1;14;1100 normální HV
7139;1636;sb;Barevné sklo;1;21;1500 M 1,5 SV
7140;1636;u;Plast;1;14;1100 normální HV
19322;1636;ko;Kovy;1;61;1100 mini H SV
7146;1638;ko;Kovy;1;41;1100 mini H SV
7147;1638;nk;Nápojové kartóny;1;21;1100 normální HV
7148;1638;p;Papír;3;14;1100 normální HV
7149;1638;sb;Barevné sklo;0,5;21;3300 GFA DUO SV
18933;1638;u;Plast;3;14;1100 normální HV
19868;1638;e;Elektrozařízení;1;41;2150 MEVA SV
21829;1638;sc;Čiré sklo;0,5;21;3300 GFA DUO SV
7154;1640;nk;Nápojové kartóny;1;11;1100 normální HV
7155;1640;p;Papír;1;15;1100 normální HV
7156;1640;sb;Barevné sklo;0,5;31;3300 GFA DUO SV
7157;1640;u;Plast;1;15;1100 normální HV
19325;1640;sc;Čiré sklo;0,5;31;3300 GFA DUO SV
19326;1640;ko;Kovy;1;61;1100 mini H SV
19869;1640;e;Elektrozařízení;1;41;2150 MEVA SV
7158;1641;sc;Čiré sklo;0,5;21;3300 GFA DUO SV
7159;1641;nk;Nápojové kartóny;1;21;1100 normální HV
7160;1641;p;Papír;1;14;1100 normální HV
7161;1641;sb;Barevné sklo;0,5;21;3300 GFA DUO SV
17144;1641;u;Plast;1;14;1100 normální HV
19870;1641;e;Elektrozařízení;1;41;2150 MEVA SV
7162;1642;ko;Kovy;1;61;1100 mini H SV
7163;1642;nk;Nápojové kartóny;1;11;240 normální HV
7164;1642;p;Papír;2;13;1100 normální HV
7165;1642;sb;Barevné sklo;0,5;31;3300 GFA DUO SV
18934;1642;u;Plast;2;13;1100 normální HV
19606;1642;sc;Čiré sklo;0,5;31;3300 GFA DUO SV
19871;1642;e;Elektrozařízení;1;41;2150 MEVA SV
7166;1643;nk;Nápojové kartóny;1;21;1100 normální HV
7167;1643;p;Papír;1;13;1100 normální HV
7168;1643;sb;Barevné sklo;1;41;1500 M 1,5 SV
7169;1643;u;Plast;1;13;1100 normální HV
7174;1645;sc;Čiré sklo;0,5;41;3300 GFA DUO SV
7175;1645;ko;Kovy;1;61;1100 mini H SV
7176;1645;nk;Nápojové kartóny;1;21;1100 normální HV
7177;1645;p;Papír;1;14;1100 normální HV
7178;1645;sb;Barevné sklo;0,5;41;3300 GFA DUO SV
18935;1645;u;Plast;1;14;1100 normální HV
19872;1645;e;Elektrozařízení;1;41;2150 MEVA SV
7179;1646;nk;Nápojové kartóny;1;21;1100 normální HV
7180;1646;p;Papír;2;12;1100 normální HV
7181;1646;sb;Barevné sklo;0,5;31;3300 GFA DUO SV
7182;1646;u;Plast;2;12;1100 normální HV
19327;1646;sc;Čiré sklo;0,5;31;3300 GFA DUO SV
19328;1646;ko;Kovy;1;61;1100 mini H SV
19873;1646;e;Elektrozařízení;1;41;2150 MEVA SV
7183;1647;nk;Nápojové kartóny;1;21;1100 normální HV
7184;1647;p;Papír;1;13;1100 normální HV
7185;1647;sb;Barevné sklo;0,5;41;3300 GFA DUO SV
7186;1647;u;Plast;1;14;1100 normální HV
20241;1647;sc;Čiré sklo;0,5;41;3300 GFA DUO SV
20242;1647;ko;Kovy;1;61;1100 mini H SV
7187;1648;nk;Nápojové kartóny;1;21;1100 normální HV
7188;1648;p;Papír;1;13;1100 normální HV
7189;1648;sb;Barevné sklo;0,5;41;3300 GFA DUO SV
7190;1648;u;Plast;1;13;1100 normální HV
19874;1648;e;Elektrozařízení;1;41;2150 MEVA SV
20279;1648;sc;Čiré sklo;0,5;41;3300 GFA DUO SV
20280;1648;ko;Kovy;1;61;1100 mini H SV
7195;1650;sc;Čiré sklo;0,5;41;3300 GFA DUO SV
7196;1650;nk;Nápojové kartóny;1;21;1100 normální HV
7197;1650;p;Papír;1;14;1100 normální HV
7198;1650;sb;Barevné sklo;0,5;41;3300 GFA DUO SV
17145;1650;u;Plast;1;14;1100 normální HV
7199;1651;nk;Nápojové kartóny;1;21;1100 normální HV
7200;1651;p;Papír;2;13;1100 normální HV
7201;1651;sb;Barevné sklo;0,5;41;3300 GFA DUO SV
7202;1651;u;Plast;1;13;1100 normální HV
19353;1651;sc;Čiré sklo;0,5;41;3300 GFA DUO SV
19354;1651;ko;Kovy;1;61;1100 mini H SV
7203;1652;nk;Nápojové kartóny;1;21;1100 normální HV
7204;1652;p;Papír;2;13;1100 normální HV
7205;1652;sb;Barevné sklo;0,5;41;3300 GFA DUO SV
7206;1652;u;Plast;2;14;1100 normální HV
19464;1652;sc;Čiré sklo;0,5;41;3300 GFA DUO SV
19875;1652;e;Elektrozařízení;1;41;2150 MEVA SV
7207;1653;sc;Čiré sklo;0,5;41;3300 GFA DUO SV
7208;1653;nk;Nápojové kartóny;1;21;1100 normální HV
7209;1653;p;Papír;1;13;1100 normální HV
7210;1653;sb;Barevné sklo;0,5;41;3300 GFA DUO SV
17146;1653;u;Plast;1;13;1100 normální HV
19355;1653;ko;Kovy;1;61;1100 mini H SV
19876;1653;e;Elektrozařízení;1;41;2150 MEVA SV
7211;1654;nk;Nápojové kartóny;1;21;1100 normální HV
7212;1654;p;Papír;1;13;1100 normální HV
7213;1654;sb;Barevné sklo;1;41;1500 M 1,5 SV
7214;1654;u;Plast;1;13;1100 normální HV
7215;1655;nk;Nápojové kartóny;1;21;1100 normální HV
7216;1655;p;Papír;1;14;1100 normální HV
7217;1655;sb;Barevné sklo;0,5;41;3300 GFA DUO SV
7218;1655;u;Plast;1;14;1100 normální HV
19329;1655;sc;Čiré sklo;0,5;41;3300 GFA DUO SV
19330;1655;ko;Kovy;1;61;1100 mini H SV
7219;1656;nk;Nápojové kartóny;1;11;240 normální HV
7220;1656;p;Papír;1;12;1100 normální HV
7221;1656;sb;Barevné sklo;1;41;1500 M 1,5 SV
7222;1656;u;Plast;1;13;1100 normální HV
19877;1656;e;Elektrozařízení;1;41;2150 MEVA SV
20281;1656;ko;Kovy;1;61;1100 mini H SV
7223;1657;sc;Čiré sklo;0,5;21;3300 GFA DUO SV
7224;1657;nk;Nápojové kartóny;1;21;1100 normální HV
7225;1657;p;Papír;1;14;1100 normální HV
7226;1657;sb;Barevné sklo;0,5;21;3300 GFA DUO SV
7227;1657;u;Plast;1;14;1100 normální HV
19878;1657;e;Elektrozařízení;1;41;2150 MEVA SV
7228;1658;sc;Čiré sklo;0,5;41;3300 GFA DUO SV
7229;1658;nk;Nápojové kartóny;1;21;1100 normální HV
7230;1658;p;Papír;1;13;1100 normální HV
7231;1658;sb;Barevné sklo;0,5;41;3300 GFA DUO SV
7232;1658;u;Plast;1;13;1100 normální HV
20243;1658;ko;Kovy;1;61;1100 mini H SV
7233;1659;nk;Nápojové kartóny;1;21;1100 normální HV
7234;1659;p;Papír;1;14;1100 normální HV
7235;1659;sb;Barevné sklo;0,5;31;3300 GFA DUO SV
7236;1659;u;Plast;1;15;1100 normální HV
20273;1659;sc;Čiré sklo;0,5;31;3300 GFA DUO SV
20274;1659;ko;Kovy;1;61;1100 mini H SV
7241;1661;nk;Nápojové kartóny;1;11;240 normální HV
7242;1661;p;Papír;2;14;1100 normální HV
7243;1661;sb;Barevné sklo;1;41;1500 M 1,5 SV
7244;1661;u;Plast;2;13;1100 normální HV
19879;1661;e;Elektrozařízení;1;41;2150 MEVA SV
7245;1662;sc;Čiré sklo;0,5;31;3300 GFA DUO SV
7246;1662;ko;Kovy;1;41;1100 mini H SV
7247;1662;nk;Nápojové kartóny;1;21;1100 normální HV
7248;1662;p;Papír;1;13;1100 normální HV
19364;1662;sb;Barevné sklo;0,5;31;3300 GFA DUO SV
19365;1662;u;Plast;1;13;1100 normální HV
7249;1663;ko;Kovy;1;61;1100 mini H SV
7250;1663;nk;Nápojové kartóny;1;21;1100 normální HV
7251;1663;p;Papír;1;13;1100 normální HV
7252;1663;sb;Barevné sklo;1;21;1500 M 1,5 SV
19356;1663;u;Plast;1;13;1100 normální HV
7253;1664;nk;Nápojové kartóny;1;21;1100 normální HV
7254;1664;p;Papír;2;12;1100 normální HV
7255;1664;sb;Barevné sklo;0,5;31;3300 GFA DUO SV
7256;1664;u;Plast;1;13;1100 normální HV
20244;1664;sc;Čiré sklo;0,5;31;3300 GFA DUO SV
20245;1664;ko;Kovy;1;61;1100 mini H SV
7257;1665;nk;Nápojové kartóny;2;11;240 normální HV
7258;1665;p;Papír;1;12;1100 normální HV
7259;1665;sb;Barevné sklo;1;21;1500 M 1,5 SV
7260;1665;u;Plast;1;13;1100 normální HV
7261;1666;nk;Nápojové kartóny;1;21;1100 normální HV
7262;1666;p;Papír;1;13;1100 normální HV
7263;1666;sb;Barevné sklo;0,5;31;3300 GFA DUO SV
7264;1666;u;Plast;1;13;1100 normální HV
19202;1666;sc;Čiré sklo;0,5;31;3300 GFA DUO SV
7265;1667;nk;Nápojové kartóny;1;21;1100 normální HV
7266;1667;p;Papír;1;13;1100 normální HV
7267;1667;sb;Barevné sklo;1;41;1500 M 1,5 SV
7268;1667;u;Plast;1;13;1100 normální HV
7274;1669;sc;Čiré sklo;0,5;41;3300 GFA DUO SV
7275;1669;ko;Kovy;1;61;1100 mini H SV
7276;1669;nk;Nápojové kartóny;1;21;1100 normální HV
7277;1669;p;Papír;1;13;1100 normální HV
20284;1669;sb;Barevné sklo;0,5;41;3300 GFA DUO SV
20285;1669;u;Plast;1;13;1100 normální HV
7278;1670;nk;Nápojové kartóny;1;11;240 normální HV
7279;1670;p;Papír;1;13;1100 normální HV
7280;1670;sb;Barevné sklo;1;41;1500 M 1,5 SV
7281;1670;u;Plast;1;12;1100 normální HV
7282;1671;nk;Nápojové kartóny;1;21;1100 normální HV
7283;1671;p;Papír;1;12;1100 normální HV
7284;1671;sb;Barevné sklo;1;41;1500 M 1,5 SV
7285;1671;u;Plast;1;12;1100 normální HV
19880;1671;e;Elektrozařízení;1;41;2150 MEVA SV
20286;1671;ko;Kovy;1;61;1100 mini H SV
7286;1672;nk;Nápojové kartóny;1;21;1100 normální HV
7287;1672;p;Papír;1;13;1100 normální HV
7288;1672;sb;Barevné sklo;0,5;41;3300 GFA DUO SV
7289;1672;u;Plast;1;14;1100 normální HV
19331;1672;sc;Čiré sklo;0,5;41;3300 GFA DUO SV
19332;1672;ko;Kovy;1;61;1100 mini H SV
7290;1673;nk;Nápojové kartóny;1;11;240 normální HV
7291;1673;p;Papír;1;12;1100 normální HV
7292;1673;sb;Barevné sklo;1;41;1500 M 1,5 SV
7293;1673;u;Plast;1;12;1100 normální HV
7294;1674;nk;Nápojové kartóny;1;11;240 normální HV
7295;1674;p;Papír;1;12;1100 normální HV
7296;1674;sb;Barevné sklo;1;41;1500 M 1,5 SV
7297;1674;u;Plast;1;12;1100 normální HV
7298;1675;nk;Nápojové kartóny;1;21;1100 normální HV
7299;1675;p;Papír;1;13;1100 normální HV
7300;1675;sb;Barevné sklo;0,5;41;3300 GFA DUO SV
7301;1675;u;Plast;1;13;1100 normální HV
19771;1675;sc;Čiré sklo;0,5;41;3300 GFA DUO SV
19772;1675;ko;Kovy;1;61;1100 mini H SV
7302;1676;nk;Nápojové kartóny;1;11;240 normální HV
7303;1676;p;Papír;1;12;1100 normální HV
7304;1676;sb;Barevné sklo;1;41;1500 M 1,5 SV
7305;1676;u;Plast;1;12;1100 normální HV
7306;1677;nk;Nápojové kartóny;1;11;240 normální HV
7307;1677;p;Papír;1;13;1100 normální HV
7308;1677;sb;Barevné sklo;1;41;1500 M 1,5 SV
7309;1677;u;Plast;1;13;1100 normální HV
7310;1678;nk;Nápojové kartóny;1;11;240 normální HV
7311;1678;p;Papír;1;14;1100 normální HV
7312;1678;sb;Barevné sklo;1;41;1500 M 1,5 SV
7313;1678;u;Plast;1;14;1100 normální HV
7318;1680;nk;Nápojové kartóny;1;21;1100 normální HV
7319;1680;p;Papír;1;12;1100 normální HV
7320;1680;sb;Barevné sklo;1;41;1500 M 1,5 SV
7321;1680;u;Plast;1;12;1100 normální HV
7322;1681;nk;Nápojové kartóny;1;11;240 normální HV
7323;1681;p;Papír;1;12;1100 normální HV
7324;1681;sb;Barevné sklo;1;41;1500 M 1,5 SV
7325;1681;u;Plast;1;12;1100 normální HV
7326;1682;nk;Nápojové kartóny;1;11;240 normální HV
7327;1682;p;Papír;1;13;1100 normální HV
7328;1682;sb;Barevné sklo;1;41;1500 M 1,5 SV
7329;1682;u;Plast;1;13;1100 normální HV
7330;1683;sc;Čiré sklo;0,5;41;3300 GFA DUO SV
7331;1683;nk;Nápojové kartóny;1;21;1100 normální HV
7332;1683;p;Papír;1;13;1100 normální HV
7333;1683;sb;Barevné sklo;0,5;41;3300 GFA DUO SV
7334;1683;u;Plast;1;13;1100 normální HV
20282;1683;ko;Kovy;1;61;1100 mini H SV
7335;1684;nk;Nápojové kartóny;1;11;240 normální HV
7336;1684;p;Papír;1;12;1100 normální HV
7337;1684;sb;Barevné sklo;1;41;1500 M 1,5 SV
7338;1684;u;Plast;1;12;1100 normální HV
7346;1687;sc;Čiré sklo;0,5;21;3300 GFA DUO SV
7347;1687;nk;Nápojové kartóny;1;21;1100 normální HV
7348;1687;p;Papír;1;14;1100 normální HV
7349;1687;sb;Barevné sklo;0,5;21;3300 GFA DUO SV
7350;1687;u;Plast;1;14;1100 normální HV
7351;1688;nk;Nápojové kartóny;1;11;240 normální HV
7352;1688;p;Papír;1;13;1100 normální HV
7353;1688;sb;Barevné sklo;0,5;41;3300 GFA DUO SV
7354;1688;u;Plast;1;13;1100 normální HV
19333;1688;sc;Čiré sklo;0,5;41;3300 GFA DUO SV
19334;1688;ko;Kovy;1;61;1100 mini H SV
7359;1690;nk;Nápojové kartóny;1;21;1100 normální HV
7360;1690;p;Papír;1;13;1100 normální HV
7361;1690;sb;Barevné sklo;1;41;1500 M 1,5 SV
7362;1690;u;Plast;1;13;1100 normální HV
7363;1691;nk;Nápojové kartóny;1;11;240 normální HV
7364;1691;p;Papír;1;13;1100 normální HV
7365;1691;sb;Barevné sklo;0,5;41;3300 GFA DUO SV
7366;1691;u;Plast;1;13;1100 normální HV
19335;1691;sc;Čiré sklo;0,5;41;3300 GFA DUO SV
19336;1691;ko;Kovy;1;61;1100 mini H SV
7371;1693;nk;Nápojové kartóny;1;11;240 normální HV
7372;1693;p;Papír;1;12;1100 normální HV
7373;1693;sb;Barevné sklo;1;41;1500 M 1,5 SV
7374;1693;u;Plast;1;13;1100 normální HV
20283;1693;ko;Kovy;1;61;1100 mini H SV
7379;1695;ko;Kovy;1;61;1100 mini H SV
7380;1695;nk;Nápojové kartóny;1;11;1100 normální HV
7381;1695;p;Papír;1;14;1100 normální HV
7382;1695;sb;Barevné sklo;1;21;1500 M 1,5 SV
18936;1695;u;Plast;2;14;1100 normální HV
7387;1697;nk;Nápojové kartóny;1;21;1100 normální HV
7388;1697;p;Papír;1;13;1100 normální HV
7389;1697;sb;Barevné sklo;1;41;1500 M 1,5 SV
7390;1697;u;Plast;1;13;1100 normální HV
7391;1698;ko;Kovy;1;61;1100 mini H SV
7392;1698;nk;Nápojové kartóny;1;21;1100 normální HV
7393;1698;p;Papír;2;13;1100 normální HV
7394;1698;sb;Barevné sklo;1;41;1500 M 1,5 SV
18937;1698;u;Plast;2;13;1100 normální HV
7395;1699;nk;Nápojové kartóny;1;21;1100 normální HV
7396;1699;p;Papír;1;13;1100 normální HV
7397;1699;sb;Barevné sklo;0,5;41;3300 GFA DUO SV
7398;1699;u;Plast;1;13;1100 normální HV
19337;1699;sc;Čiré sklo;0,5;41;3300 GFA DUO SV
19338;1699;ko;Kovy;1;61;1100 mini H SV
19881;1699;e;Elektrozařízení;1;41;2150 MEVA SV
7399;1700;nk;Nápojové kartóny;1;21;1100 normální HV
7400;1700;p;Papír;1;13;1100 normální HV
7401;1700;sb;Barevné sklo;0,5;41;3300 GFA DUO SV
7402;1700;u;Plast;1;13;1100 normální HV
19357;1700;sc;Čiré sklo;0,5;41;3300 GFA DUO SV
19358;1700;ko;Kovy;1;61;1100 mini H SV
19882;1700;e;Elektrozařízení;1;41;2150 MEVA SV
7403;1701;nk;Nápojové kartóny;1;21;1100 normální HV
7404;1701;p;Papír;1;13;1100 normální HV
7405;1701;sb;Barevné sklo;1;41;1500 M 1,5 SV
7406;1701;u;Plast;1;13;1100 normální HV
7407;1702;sc;Čiré sklo;0,5;41;3300 GFA DUO SV
7408;1702;nk;Nápojové kartóny;1;21;1100 normální HV
7409;1702;p;Papír;1;13;1100 normální HV
7410;1702;sb;Barevné sklo;0,5;41;3300 GFA DUO SV
7411;1702;u;Plast;1;13;1100 normální HV
20246;1702;ko;Kovy;1;61;1100 mini H SV
7412;1703;nk;Nápojové kartóny;1;11;240 normální HV
7413;1703;p;Papír;1;13;1100 normální HV
7414;1703;sb;Barevné sklo;1;41;1500 M 1,5 SV
7415;1703;u;Plast;1;13;1100 normální HV
7416;1704;sc;Čiré sklo;0,5;41;3300 GFA DUO SV
7417;1704;nk;Nápojové kartóny;1;21;1100 normální HV
7418;1704;p;Papír;1;14;1100 normální HV
7419;1704;sb;Barevné sklo;0,5;41;3300 GFA DUO SV
7420;1704;u;Plast;1;14;1100 normální HV
20247;1704;ko;Kovy;1;61;1100 mini H SV
7421;1705;ko;Kovy;1;61;1100 mini H SV
7422;1705;nk;Nápojové kartóny;1;11;240 normální HV
7423;1705;p;Papír;1;12;1100 normální HV
7424;1705;sb;Barevné sklo;1;41;1500 M 1,5 SV
18938;1705;u;Plast;1;12;1100 normální HV
19883;1705;e;Elektrozařízení;1;41;2150 MEVA SV
7433;1708;nk;Nápojové kartóny;1;21;1100 normální HV
7434;1708;p;Papír;1;13;1100 normální HV
7435;1708;sb;Barevné sklo;1;41;1500 M 1,5 SV
7436;1708;u;Plast;1;13;1100 normální HV
19884;1708;e;Elektrozařízení;1;41;2150 MEVA SV
7437;1709;nk;Nápojové kartóny;1;11;240 normální HV
7438;1709;p;Papír;1;12;1100 normální HV
7439;1709;sb;Barevné sklo;1;41;1500 M 1,5 SV
7440;1709;u;Plast;1;12;1100 normální HV
7446;1711;nk;Nápojové kartóny;1;21;1100 normální HV
7447;1711;p;Papír;1;14;1100 normální HV
7448;1711;sb;Barevné sklo;1;41;1500 M 1,5 SV
7449;1711;u;Plast;1;14;1100 normální HV
7450;1712;sc;Čiré sklo;0,5;31;3300 GFA DUO SV
7451;1712;ko;Kovy;1;41;1100 mini H SV
7452;1712;nk;Nápojové kartóny;1;21;1100 normální HV
7453;1712;p;Papír;1;13;1100 normální HV
19339;1712;sb;Barevné sklo;0,5;31;3300 GFA DUO SV
19340;1712;u;Plast;1;13;1100 normální HV
7454;1713;nk;Nápojové kartóny;1;11;240 normální HV
7455;1713;p;Papír;1;13;1100 normální HV
7456;1713;sb;Barevné sklo;1;41;1500 M 1,5 SV
7457;1713;u;Plast;1;13;1100 normální HV
7458;1714;sc;Čiré sklo;0,5;41;3300 GFA DUO SV
7459;1714;nk;Nápojové kartóny;1;21;1100 normální HV
7460;1714;p;Papír;1;13;1100 normální HV
7461;1714;sb;Barevné sklo;0,5;41;3300 GFA DUO SV
7462;1714;u;Plast;1;13;1100 normální HV
19341;1714;ko;Kovy;1;61;1100 mini H SV
7463;1715;sc;Čiré sklo;0,5;41;3300 GFA DUO SV
7464;1715;ko;Kovy;1;61;1100 mini H SV
7465;1715;nk;Nápojové kartóny;1;21;1100 normální HV
7466;1715;p;Papír;1;13;1100 normální HV
7467;1715;sb;Barevné sklo;0,5;41;3300 GFA DUO SV
18939;1715;u;Plast;1;13;1100 normální HV
19885;1715;e;Elektrozařízení;1;41;2150 MEVA SV
7468;1716;nk;Nápojové kartóny;1;21;1100 normální HV
7469;1716;p;Papír;1;13;1100 normální HV
7470;1716;sb;Barevné sklo;0,5;31;3300 GFA DUO SV
7471;1716;u;Plast;1;13;1100 normální HV
19342;1716;sc;Čiré sklo;0,5;31;3300 GFA DUO SV
19343;1716;ko;Kovy;1;61;1100 mini H SV
19886;1716;e;Elektrozařízení;1;41;2150 MEVA SV
7476;1718;p;Papír;1;12;1100 normální HV
7477;1718;sb;Barevné sklo;0,5;41;3300 GFA DUO SV
7478;1718;u;Plast;1;12;1100 normální HV
19344;1718;nk;Nápojové kartóny;1;21;240 normální HV
19345;1718;sc;Čiré sklo;0,5;41;3300 GFA DUO SV
19346;1718;ko;Kovy;1;61;1100 mini H SV
19887;1718;e;Elektrozařízení;1;41;2150 MEVA SV
7479;1719;nk;Nápojové kartóny;1;21;1100 normální HV
7480;1719;p;Papír;1;13;1100 normální HV
7481;1719;sb;Barevné sklo;1;41;1500 M 1,5 SV
7482;1719;u;Plast;1;13;1100 normální HV
7483;1720;nk;Nápojové kartóny;1;21;1100 normální HV
7484;1720;p;Papír;1;13;1100 normální HV
7485;1720;sb;Barevné sklo;1;41;1500 M 1,5 SV
7486;1720;u;Plast;1;13;1100 normální HV
7487;1721;ko;Kovy;1;61;1100 mini H SV
7488;1721;nk;Nápojové kartóny;1;21;1100 normální HV
7489;1721;p;Papír;2;13;1100 normální HV
7490;1721;sb;Barevné sklo;1;21;1500 M 1,5 SV
18940;1721;u;Plast;2;13;1100 normální HV
7491;1722;nk;Nápojové kartóny;1;11;240 normální HV
7492;1722;p;Papír;1;12;1100 normální HV
7493;1722;sb;Barevné sklo;1;41;1500 M 1,5 SV
7494;1722;u;Plast;1;12;1100 normální HV
19888;1722;e;Elektrozařízení;1;41;2150 MEVA SV
7495;1723;nk;Nápojové kartóny;1;11;240 normální HV
7496;1723;p;Papír;1;13;1100 normální HV
7497;1723;sb;Barevné sklo;1;41;1500 M 1,5 SV
7498;1723;u;Plast;1;13;1100 normální HV
7499;1724;nk;Nápojové kartóny;1;11;240 normální HV
7500;1724;p;Papír;1;13;1100 normální HV
7501;1724;sb;Barevné sklo;0,5;41;3300 GFA DUO SV
7502;1724;u;Plast;1;13;1100 normální HV
19696;1724;sc;Čiré sklo;0,5;41;3300 GFA DUO SV
19697;1724;ko;Kovy;1;61;1100 mini H SV
7503;1725;sc;Čiré sklo;0,5;21;3300 GFA DUO SV
7504;1725;ko;Kovy;1;61;1100 mini H SV
7505;1725;nk;Nápojové kartóny;1;21;1100 normální HV
7506;1725;p;Papír;2;14;1100 normální HV
7507;1725;sb;Barevné sklo;0,5;21;3300 GFA DUO SV
20248;1725;u;Plast;2;14;1100 normální HV
7512;1727;sc;Čiré sklo;0,5;41;3300 GFA DUO SV
7513;1727;ko;Kovy;1;61;1100 mini H SV
7514;1727;nk;Nápojové kartóny;1;21;1100 normální HV
7515;1727;p;Papír;1;13;1100 normální HV
19347;1727;sb;Barevné sklo;0,5;41;3300 GFA DUO SV
19348;1727;u;Plast;1;13;1100 normální HV
7516;1728;sc;Čiré sklo;0,5;41;3300 GFA DUO SV
7517;1728;ko;Kovy;1;41;1100 mini H SV
7518;1728;nk;Nápojové kartóny;1;21;1100 normální HV
7519;1728;p;Papír;1;16;1100 normální HV
17149;1728;sb;Barevné sklo;0,5;41;3300 GFA DUO SV
18941;1728;u;Plast;2;14;1100 normální HV
7520;1729;sc;Čiré sklo;0,5;41;3300 GFA DUO SV
7521;1729;nk;Nápojové kartóny;1;21;1100 normální HV
7522;1729;p;Papír;1;13;1100 normální HV
7523;1729;sb;Barevné sklo;0,5;41;3300 GFA DUO SV
7524;1729;u;Plast;1;13;1100 normální HV
7525;1730;ko;Kovy;1;41;1100 mini H SV
7526;1730;nk;Nápojové kartóny;1;21;1100 normální HV
7527;1730;p;Papír;2;13;1100 normální HV
7528;1730;sb;Barevné sklo;1;41;1500 M 1,5 SV
18942;1730;u;Plast;1;14;1100 normální HV
19889;1730;e;Elektrozařízení;1;41;2150 MEVA SV
7529;1731;sc;Čiré sklo;0,5;41;3300 GFA DUO SV
7530;1731;ko;Kovy;1;61;1100 mini H SV
7531;1731;nk;Nápojové kartóny;1;11;240 normální HV
7532;1731;p;Papír;1;13;1100 normální HV
19371;1731;sb;Barevné sklo;0,5;41;3300 GFA DUO SV
19372;1731;u;Plast;1;13;1100 normální HV
7537;1733;nk;Nápojové kartóny;1;11;1100 normální HV
7538;1733;p;Papír;2;12;1100 normální HV
7539;1733;sb;Barevné sklo;1;41;1500 M 1,5 SV
7540;1733;u;Plast;2;13;1100 normální HV
7541;1734;nk;Nápojové kartóny;1;11;240 normální HV
7542;1734;p;Papír;1;14;1100 normální HV
7543;1734;sb;Barevné sklo;1;41;1500 M 1,5 SV
7544;1734;u;Plast;1;14;1100 normální HV
7545;1735;sc;Čiré sklo;0,5;41;3300 GFA DUO SV
7546;1735;ko;Kovy;1;41;1100 mini H SV
7547;1735;nk;Nápojové kartóny;1;21;1100 normální HV
7548;1735;p;Papír;2;14;1100 normální HV
19349;1735;sb;Barevné sklo;0,5;41;3300 GFA DUO SV
19350;1735;u;Plast;2;14;1100 normální HV
7549;1736;sc;Čiré sklo;0,5;31;3300 GFA DUO SV
7550;1736;nk;Nápojové kartóny;1;11;1100 normální HV
7551;1736;p;Papír;2;14;1100 normální HV
7552;1736;sb;Barevné sklo;0,5;31;3300 GFA DUO SV
17837;1736;u;Plast;2;13;1100 normální HV
7553;1737;nk;Nápojové kartóny;1;21;1100 normální HV
7554;1737;p;Papír;1;14;1100 normální HV
7555;1737;sb;Barevné sklo;1;21;1100 mini H SV
7556;1737;u;Plast;1;14;1100 normální HV
22292;1737;ko;Kovy;1;41;1100 mini H SV
7557;1738;nk;Nápojové kartóny;1;21;1100 normální HV
7558;1738;p;Papír;1;13;1100 normální HV
7559;1738;sb;Barevné sklo;1;21;1100 mini H SV
7560;1738;u;Plast;1;13;1100 normální HV
7565;1740;nk;Nápojové kartóny;1;21;1100 normální HV
7566;1740;p;Papír;1;13;1100 normální HV
7567;1740;sb;Barevné sklo;1;41;1100 mini H SV
7568;1740;u;Plast;1;13;1100 normální HV
17150;4369;sc;Čiré sklo;0,5;41;3300 GFA DUO SV
17151;4369;nk;Nápojové kartóny;1;21;1100 normální HV
17152;4369;p;Papír;1;13;1100 normální HV
17153;4369;sb;Barevné sklo;0,5;41;3300 GFA DUO SV
17154;4369;u;Plast;1;13;1100 normální HV
17155;4370;sc;Čiré sklo;0,5;41;3300 GFA DUO SV
17156;4370;nk;Nápojové kartóny;1;21;1100 normální HV
17157;4370;p;Papír;1;14;1100 normální HV
17158;4370;sb;Barevné sklo;0,5;41;3300 GFA DUO SV
17159;4370;u;Plast;1;14;1100 normální HV
17160;4371;sc;Čiré sklo;0,5;21;3300 GFA DUO SV
17161;4371;nk;Nápojové kartóny;1;21;1100 normální HV
17162;4371;p;Papír;2;13;1100 normální HV
17163;4371;sb;Barevné sklo;0,5;21;3300 GFA DUO SV
17164;4371;u;Plast;2;13;1100 normální HV
22220;4371;e;Elektrozařízení;1;41;2150 MEVA SV
17317;4403;sc;Čiré sklo;0,5;21;3300 GFA DUO SV
17318;4403;ko;Kovy;1;41;1100 mini H SV
17319;4403;nk;Nápojové kartóny;1;21;1100 normální HV
17320;4403;p;Papír;2;13;1100 normální HV
17321;4403;sb;Barevné sklo;0,5;21;3300 GFA DUO SV
18932;4403;u;Plast;2;13;1100 normální HV
19867;4403;e;Elektrozařízení;1;41;2150 MEVA SV
17322;4404;nk;Nápojové kartóny;1;21;1100 normální HV
17323;4404;p;Papír;2;14;1100 normální HV
17324;4404;sb;Barevné sklo;0,5;31;3300 GFA DUO SV
17325;4404;u;Plast;2;13;1100 normální HV
19323;4404;sc;Čiré sklo;0,5;31;3300 GFA DUO SV
19324;4404;ko;Kovy;1;61;1100 mini H SV
20155;4404;e;Elektrozařízení;1;41;2150 MEVA SV
17326;4405;sc;Čiré sklo;0,5;31;3300 GFA DUO SV
17327;4405;nk;Nápojové kartóny;1;21;1100 normální HV
17328;4405;p;Papír;1;13;1100 normální HV
17329;4405;sb;Barevné sklo;0,5;31;3300 GFA DUO SV
17330;4405;u;Plast;1;13;1100 normální HV
17331;4406;sc;Čiré sklo;0,5;41;3300 GFA DUO SV
17332;4406;nk;Nápojové kartóny;1;21;1100 normální HV
17333;4406;p;Papír;1;13;1100 normální HV
17334;4406;sb;Barevné sklo;0,5;41;3300 GFA DUO SV
17335;4406;u;Plast;1;13;1100 normální HV
17467;4425;sc;Čiré sklo;0,5;41;3300 GFA DUO SV
17468;4425;nk;Nápojové kartóny;1;21;1100 normální HV
17469;4425;p;Papír;1;15;1100 normální HV
17470;4425;sb;Barevné sklo;0,5;41;3300 GFA DUO SV
17493;4425;u;Plast;1;15;1100 normální HV
17471;4426;sc;Čiré sklo;0,5;41;3300 GFA DUO SV
17472;4426;nk;Nápojové kartóny;1;21;1100 normální HV
17473;4426;p;Papír;1;13;1100 normální HV
17474;4426;sb;Barevné sklo;0,5;41;3300 GFA DUO SV
17494;4426;u;Plast;1;13;1100 normální HV
17475;4427;sc;Čiré sklo;0,5;41;3300 GFA DUO SV
17476;4427;nk;Nápojové kartóny;1;21;1100 normální HV
17477;4427;p;Papír;1;13;1100 normální HV
17478;4427;sb;Barevné sklo;0,5;41;3300 GFA DUO SV
17495;4427;u;Plast;1;13;1100 normální HV
17697;4471;sc;Čiré sklo;0,5;21;3300 GFA DUO SV
17698;4471;nk;Nápojové kartóny;1;21;1100 normální HV
17699;4471;p;Papír;2;14;1100 normální HV
17700;4471;sb;Barevné sklo;0,5;21;3300 GFA DUO SV
17701;4471;u;Plast;2;13;1100 normální HV
17776;4488;sc;Čiré sklo;0,5;41;3300 GFA DUO SV
17777;4488;nk;Nápojové kartóny;1;21;1100 normální HV
17778;4488;p;Papír;1;14;1100 normální HV
17779;4488;sb;Barevné sklo;0,5;41;3300 GFA DUO SV
17780;4488;u;Plast;1;14;1100 normální HV
17877;4509;sc;Čiré sklo;0,5;41;3300 GFA DUO SV
17878;4509;nk;Nápojové kartóny;1;21;1100 normální HV
17879;4509;p;Papír;1;13;1100 normální HV
17880;4509;sb;Barevné sklo;0,5;41;3300 GFA DUO SV
17881;4509;u;Plast;1;13;1100 normální HV
18070;4546;sc;Čiré sklo;0,5;41;3300 GFA DUO SV
18071;4546;nk;Nápojové kartóny;1;21;1100 normální HV
18072;4546;p;Papír;1;13;1100 normální HV
18073;4546;sb;Barevné sklo;0,5;41;3300 GFA DUO SV
18074;4546;u;Plast;1;13;1100 normální HV
18161;4564;p;Papír;2;12;1100 normální HV
18162;4564;u;Plast;1;13;1100 normální HV
18163;4564;nk;Nápojové kartóny;1;11;240 normální HV
18164;4564;sb;Barevné sklo;0,5;31;3300 GFA DUO SV
18165;4564;sc;Čiré sklo;0,5;31;3300 GFA DUO SV
18463;4628;p;Papír;1;15;1100 normální HV
18464;4628;u;Plast;1;15;1100 normální HV
18465;4628;nk;Nápojové kartóny;1;21;1100 normální HV
18466;4628;sb;Barevné sklo;0,5;21;3300 GFA DUO SV
18467;4628;sc;Čiré sklo;0,5;21;3300 GFA DUO SV
19153;4774;nk;Nápojové kartóny;1;21;1100 normální HV
19154;4774;p;Papír;1;13;1100 normální HV
19155;4774;sb;Barevné sklo;0,5;31;3300 GFA DUO SV
19156;4774;u;Plast;1;13;1100 normální HV
20848;4774;sc;Čiré sklo;0,5;31;3300 GFA DUO SV
19258;4786;p;Papír;1;13;1100 normální HV
19259;4786;u;Plast;1;13;1100 normální HV
19260;4786;nk;Nápojové kartóny;1;21;1100 normální HV
19261;4786;sb;Barevné sklo;0,5;41;3300 GFA DUO SV
19262;4786;sc;Čiré sklo;0,5;41;3300 GFA DUO SV
19865;4786;e;Elektrozařízení;1;41;2150 MEVA SV
21760;4786;ko;Kovy;1;41;1100 mini H SV
20505;4949;p;Papír;2;13;1100 normální HV
20506;4949;u;Plast;2;13;1100 normální HV
20507;4949;nk;Nápojové kartóny;1;21;1100 normální HV
20508;4949;sb;Barevné sklo;0,5;31;3300 GFA DUO SV
20509;4949;sc;Čiré sklo;0,5;31;3300 GFA DUO SV
20510;4949;ko;Kovy;1;61;1100 mini H SV
20796;5005;p;Papír;1;13;1100 normální HV
20797;5005;u;Plast;1;13;1100 normální HV
20798;5005;nk;Nápojové kartóny;1;21;1100 normální HV
20799;5005;sb;Barevné sklo;0,5;41;3300 GFA DUO SV
20800;5005;sc;Čiré sklo;0,5;41;3300 GFA DUO SV
20801;5005;ko;Kovy;1;61;1100 mini H SV
21630;5198;p;Papír;1;13;1100 normální HV
21631;5198;u;Plast;1;13;1100 normální HV
21632;5198;nk;Nápojové kartóny;1;21;1100 normální HV
21633;5198;sb;Barevné sklo;0,5;31;3300 GFA DUO SV
21634;5198;sc;Čiré sklo;0,5;31;3300 GFA DUO SV
21635;5199;p;Papír;1;13;1100 normální HV
21636;5199;u;Plast;1;13;1100 normální HV
21637;5199;nk;Nápojové kartóny;1;11;1100 normální HV
21638;5199;sc;Čiré sklo;0,5;31;3300 GFA DUO SV
21639;5199;sb;Barevné sklo;0,5;31;3300 GFA DUO SV
21640;5200;p;Papír;1;13;1100 normální HV
21641;5200;u;Plast;1;13;1100 normální HV
21642;5200;nk;Nápojové kartóny;1;21;1100 normální HV
21643;5200;sb;Barevné sklo;0,5;31;3300 GFA DUO SV
21644;5200;sc;Čiré sklo;0,5;31;3300 GFA DUO SV
22145;5277;p;Papír;2;13;1100 normální HV
22146;5277;u;Plast;2;13;1100 normální HV
22147;5277;sb;Barevné sklo;0,5;21;3300 GFA DUO SV
22148;5277;sc;Čiré sklo;0,5;21;3300 GFA DUO SV
22149;5277;nk;Nápojové kartóny;1;21;1100 normální HV
22150;5277;ko;Kovy;1;41;1100 mini H SV
17888;4511;p;Papír;1;11;3000 Podzemní SV
17889;4511;u;Plast;1;11;3000 Podzemní SV
17890;4511;nk;Nápojové kartóny;1;31;3000 Podzemní SV
17891;4511;sc;Čiré sklo;0,5;31;3000 Podzemní SV
17892;4511;sb;Barevné sklo;0,5;31;3000 Podzemní SV
18075;4547;p;Papír;1;12;3000 Podzemní SV
18076;4547;u;Plast;1;12;3000 Podzemní SV
18077;4547;nk;Nápojové kartóny;1;21;3000 Podzemní SV
18078;4547;sb;Barevné sklo;0,5;31;3000 Podzemní SV
18079;4547;sc;Čiré sklo;0,5;31;3000 Podzemní SV
18166;4565;p;Papír;1;12;3000 Podzemní SV
18167;4565;u;Plast;1;13;3000 Podzemní SV
18168;4565;nk;Nápojové kartóny;1;21;3000 Podzemní SV
18169;4565;sb;Barevné sklo;0,5;31;3000 Podzemní SV
18170;4565;sc;Čiré sklo;0,5;31;3000 Podzemní SV
18171;4566;sc;Čiré sklo;0,5;31;3000 Podzemní SV
18172;4566;ko;Kovy;1;41;1100 mini H SV
18173;4566;nk;Nápojové kartóny;1;21;3000 Podzemní SV
18174;4566;p;Papír;1;12;3000 Podzemní SV
18175;4566;sb;Barevné sklo;0,5;31;3000 Podzemní SV
18943;4566;u;Plast;1;12;3000 Podzemní SV
19890;4566;e;Elektrozařízení;1;41;2150 MEVA SV
18176;4567;p;Papír;1;12;3000 Podzemní SV
18177;4567;u;Plast;1;12;3000 Podzemní SV
18178;4567;nk;Nápojové kartóny;1;21;3000 Podzemní SV
18179;4567;sb;Barevné sklo;0,5;31;3000 Podzemní SV
18180;4567;sc;Čiré sklo;0,5;31;3000 Podzemní SV
18181;4568;p;Papír;1;12;3000 Podzemní SV
18182;4568;u;Plast;1;12;3000 Podzemní SV
18183;4568;nk;Nápojové kartóny;1;21;3000 Podzemní SV
18184;4568;sb;Barevné sklo;0,5;31;3000 Podzemní SV
18185;4568;sc;Čiré sklo;0,5;31;3000 Podzemní SV
18186;4569;p;Papír;1;12;3000 Podzemní SV
18187;4569;u;Plast;1;13;3000 Podzemní SV
18188;4569;nk;Nápojové kartóny;1;21;3000 Podzemní SV
18189;4569;sb;Barevné sklo;0,5;31;3000 Podzemní SV
18190;4569;sc;Čiré sklo;0,5;31;3000 Podzemní SV
18191;4570;p;Papír;1;12;3000 Podzemní SV
18192;4570;u;Plast;1;13;3000 Podzemní SV
18193;4570;nk;Nápojové kartóny;1;21;3000 Podzemní SV
18194;4570;sb;Barevné sklo;0,5;31;3000 Podzemní SV
18195;4570;sc;Čiré sklo;0,5;31;3000 Podzemní SV
18201;4572;p;Papír;1;12;3000 Podzemní SV
18202;4572;u;Plast;1;12;3000 Podzemní SV
18203;4572;nk;Nápojové kartóny;1;21;3000 Podzemní SV
18204;4572;sb;Barevné sklo;0,5;31;3000 Podzemní SV
18205;4572;sc;Čiré sklo;0,5;31;3000 Podzemní SV
18215;4575;p;Papír;1;12;3000 Podzemní SV
18216;4575;u;Plast;1;12;3000 Podzemní SV
18217;4575;nk;Nápojové kartóny;1;21;3000 Podzemní SV
18218;4575;sb;Barevné sklo;0,5;31;3000 Podzemní SV
18219;4575;sc;Čiré sklo;0,5;31;3000 Podzemní SV
18391;4611;p;Papír;1;12;3000 Podzemní SV
18392;4611;u;Plast;1;13;3000 Podzemní SV
18393;4611;nk;Nápojové kartóny;1;31;3000 Podzemní SV
18394;4611;sb;Barevné sklo;0,5;31;3000 Podzemní SV
18395;4611;sc;Čiré sklo;0,5;31;3000 Podzemní SV
18396;4612;p;Papír;1;12;3000 Podzemní SV
18397;4612;u;Plast;1;12;3000 Podzemní SV
18398;4612;nk;Nápojové kartóny;1;31;3000 Podzemní SV
18399;4612;sb;Barevné sklo;0,5;31;3000 Podzemní SV
18400;4612;sc;Čiré sklo;0,5;31;3000 Podzemní SV
19396;4803;p;Papír;1;12;3000 Podzemní SV
19397;4803;u;Plast;1;12;3000 Podzemní SV
19398;4803;nk;Nápojové kartóny;1;31;3000 Podzemní SV
19399;4803;sb;Barevné sklo;0,5;31;3000 Podzemní SV
19400;4803;sc;Čiré sklo;0,5;31;3000 Podzemní SV
20403;4927;p;Papír;1;12;3000 Podzemní SV
20404;4927;u;Plast;1;12;3000 Podzemní SV
20405;4927;nk;Nápojové kartóny;1;31;3000 Podzemní SV
20406;4927;sb;Barevné sklo;0,5;31;3000 Podzemní SV
20407;4927;sc;Čiré sklo;0,5;31;3000 Podzemní SV
